Date,People Online
1:03 AM,0
1:13 AM,0
1:23 AM,0
1:33 AM,0
1:43 AM,0
1:53 AM,0
2:03 AM,0
2:13 AM,0
2:23 AM,0
2:33 AM,0
2:43 AM,0
2:53 AM,0
3:03 AM,0
3:13 AM,0
3:23 AM,0
3:33 AM,0
3:43 AM,0
3:53 AM,0
4:03 AM,0
4:13 AM,0
4:23 AM,0
4:33 AM,0
4:43 AM,0
4:53 AM,0
5:03 AM,0
5:13 AM,0
5:23 AM,0
5:33 AM,0
5:43 AM,0
5:53 AM,0
6:03 AM,0
6:13 AM,0
6:23 AM,0
6:33 AM,0
6:43 AM,0
6:53 AM,0
7:03 AM,0
7:13 AM,0
7:23 AM,0
7:33 AM,0
7:43 AM,0
7:53 AM,0
8:03 AM,0
8:13 AM,0
8:23 AM,0
8:33 AM,0
8:43 AM,0
8:53 AM,0
9:03 AM,0
9:13 AM,0
9:23 AM,0
9:33 AM,0
9:43 AM,0
9:53 AM,0
10:03 AM,0
10:13 AM,0
10:23 AM,0
10:33 AM,0
10:43 AM,0
10:53 AM,0
11:03 AM,0
11:13 AM,0
11:23 AM,0
11:33 AM,0
11:43 AM,0
11:53 AM,0
12:03 PM,0
12:13 PM,0
12:23 PM,0
12:33 PM,0
12:43 PM,0
7:47 PM,0
8:02 PM,0
8:18 PM,0
8:33 PM,0
8:48 PM,0
9:03 PM,0
9:18 PM,0
9:33 PM,0
9:47 PM,0
10:02 PM,0
10:16 PM,0
10:30 PM,0
10:46 PM,0
11:01 PM,0
11:15 PM,0
11:29 PM,0
11:44 PM,0
