Date,People Online,File No.
Tue 1:03 AM,
Tue 1:13 AM,
Tue 1:23 AM,
Tue 1:33 AM,
Tue 1:43 AM,
Tue 1:53 AM,
Tue 2:03 AM,
Tue 2:13 AM,
Tue 2:23 AM,
Tue 2:33 AM,
Tue 2:43 AM,
Tue 2:53 AM,
Tue 3:03 AM,
Tue 3:13 AM,
Tue 3:23 AM,
Tue 3:33 AM,
Tue 3:43 AM,
Tue 3:53 AM,
Tue 4:03 AM,
Tue 4:13 AM,
Tue 4:23 AM,
Tue 4:33 AM,
Tue 4:43 AM,
Tue 4:53 AM,
Tue 5:03 AM,
Tue 5:13 AM,
Tue 5:23 AM,
Tue 5:33 AM,
Tue 5:43 AM,
Tue 5:53 AM,
Tue 6:03 AM,
Tue 6:13 AM,
Tue 6:23 AM,
Tue 6:33 AM,
Tue 6:43 AM,
Tue 6:53 AM,
Tue 7:03 AM,
Tue 7:13 AM,
Tue 7:23 AM,
Tue 7:33 AM,
Tue 7:43 AM,
Tue 7:53 AM,
Tue 8:03 AM,
Tue 8:13 AM,
Tue 8:23 AM,
Tue 8:33 AM,
Tue 8:43 AM,
Tue 8:53 AM,
Tue 9:03 AM,
Tue 9:13 AM,
Tue 9:23 AM,
Tue 9:33 AM,
Tue 9:43 AM,
Tue 9:53 AM,
Tue 10:03 AM,
Tue 10:13 AM,
Tue 10:23 AM,
Tue 10:33 AM,
Tue 10:43 AM,
Tue 10:53 AM,
Tue 11:03 AM,
Tue 11:13 AM,
Tue 11:23 AM,
Tue 11:33 AM,
Tue 11:43 AM,
Tue 11:53 AM,
Tue 12:03 PM,
Tue 12:13 PM,
Tue 12:23 PM,
Tue 12:33 PM,
Tue 12:43 PM,
Mon 7:47 PM,
Mon 8:02 PM,
Mon 8:18 PM,
Mon 8:33 PM,
Mon 8:48 PM,
Mon 9:03 PM,
Mon 9:18 PM,
Mon 9:33 PM,
Mon 9:47 PM,
Mon 10:02 PM,
Mon 10:16 PM,
Mon 10:30 PM,
Mon 10:46 PM,
Mon 11:01 PM,
Mon 11:15 PM,
Mon 11:29 PM,
Mon 11:44 PM,
Mon 11:58 PM,
,0
,0
,0
,0
,0
,0
,0
,0
,0
,0
,0
,0
,0
,0
,0
,0
,0
,0
,0
,0
,0
,0
,0
,0
,0
,0
,0
,0
,0
,0
,0
,0
,0
,0
,0
,0
,0
,0
,0
,0
,0
,0
,0
,0
,0
,0
,0
,0
,0
,0
,0
,0
,0
,0
,0
,0
,0
,0
,0
,0
,0
,0
,0
,0
,0
,0
,0
,0
