Date,People Online
12:48 AM,0
12:48 AM,0
12:48 AM,0
12:48 AM,0
12:48 AM,0
12:48 AM,0
12:48 AM,0
12:48 AM,0
12:48 AM,0
12:48 AM,0
12:48 AM,0
12:48 AM,0
12:48 AM,0
12:48 AM,0
12:48 AM,0
12:48 AM,0
12:48 AM,0
12:48 AM,0
12:48 AM,0
12:48 AM,0
12:48 AM,0
12:48 AM,0
12:48 AM,0
12:48 AM,0
12:48 AM,0
12:48 AM,0
12:48 AM,0
12:48 AM,0
12:48 AM,0
12:48 AM,0
12:48 AM,0
12:48 AM,0
12:48 AM,0
12:48 AM,0
12:48 AM,0
12:48 AM,0
12:48 AM,0
12:48 AM,0
12:48 AM,0
12:48 AM,0
12:48 AM,0
12:48 AM,0
12:48 AM,0
12:48 AM,0
12:48 AM,0
12:48 AM,0
12:48 AM,0
12:48 AM,0
12:48 AM,0
12:48 AM,0
12:48 AM,0
12:48 AM,0
12:48 AM,0
12:48 AM,0
12:48 AM,0
12:48 AM,0
12:48 AM,0
12:48 AM,0
12:48 AM,0
12:48 AM,0
12:48 AM,0
12:48 AM,0
12:48 AM,0
12:48 AM,0
12:48 AM,0
12:48 AM,0
12:48 AM,0
12:48 AM,0
12:48 AM,0
12:48 AM,0
12:48 AM,0
12:48 AM,0
12:48 AM,0
12:48 AM,0
12:48 AM,0
12:48 AM,0
12:48 AM,0
12:48 AM,0
12:48 AM,0
12:48 AM,0
12:48 AM,0
12:48 AM,0
12:48 AM,0
12:48 AM,0
12:48 AM,0
12:48 AM,0
12:48 AM,0
12:48 AM,0
12:48 AM,0
